Nombre,Apellido Paterno,Apellido Materno,Dirección,Número de Cuenta,Número de Inscripción,Semestre,Créditos,Edad
 Antonio, Castro, Torres,"Calle Juárez;12345;Cuauhtémoc;Centro;Ciudad de México;México",742738235,1,8,200,22
 Beatriz, Aguilar, Franco,"Calle Juárez;12345;Cuauhtémoc;Centro;Ciudad de México;México",232496025,2,2,50,21
 Diego, Rodríguez, Espinoza,"Calle Juárez;12345;Cuauhtémoc;Centro;Ciudad de México;México",46985167,3,4,100,20
 Isabel, Castro, Medina,"Calle Juárez;12345;Cuauhtémoc;Centro;Ciudad de México;México",856259454,4,1,25,25
 Paula, Ríos, Medina,"Calle Juárez;12345;Cuauhtémoc;Centro;Ciudad de México;México",99518938,5,5,125,20
 Sofía, Zúñiga, Ramos,"Calle Juárez;12345;Cuauhtémoc;Centro;Ciudad de México;México",402958330,6,3,75,25
 Gonzalo, Aguilar, Padilla,"Calle Juárez;12345;Cuauhtémoc;Centro;Ciudad de México;México",712402123,7,1,25,20
 Pedro, Guzmán, Valdez,"Calle Juárez;12345;Cuauhtémoc;Centro;Ciudad de México;México",860183768,8,1,25,21
 Daniel, Delgado, Herrera,"Calle Juárez;12345;Cuauhtémoc;Centro;Ciudad de México;México",685553928,9,2,50,25
 Gabriel, Herrera, Reyes,"Calle Juárez;12345;Cuauhtémoc;Centro;Ciudad de México;México",300220830,10,1,25,27
 Lorena., Franco, Ríos,"Calle Juárez;12345;Cuauhtémoc;Centro;Ciudad de México;México",442103113,11,3,75,20
 Javier, Torres, Jiménez,"Calle Juárez;12345;Cuauhtémoc;Centro;Ciudad de México;México",445391421,12,2,50,20
 Claudia, Castro, Mora,"Calle Juárez;12345;Cuauhtémoc;Centro;Ciudad de México;México",302443481,13,4,100,26
 Marta, Ramos, Mora,"Calle Juárez;12345;Cuauhtémoc;Centro;Ciudad de México;México",126593215,14,5,125,24
 Gabriel, Medina, Herrera,"Calle Juárez;12345;Cuauhtémoc;Centro;Ciudad de México;México",911557150,15,1,25,24
 Paola, Arias, Chávez.,"Calle Juárez;12345;Cuauhtémoc;Centro;Ciudad de México;México",238551184,16,1,25,24
 Camila, Soto, Silva,"Calle Juárez;12345;Cuauhtémoc;Centro;Ciudad de México;México",628522822,17,1,25,20
 Carlos, Vega, Cortés,"Calle Juárez;12345;Cuauhtémoc;Centro;Ciudad de México;México",938349576,18,7,175,19
 Gonzalo, Ortiz, Valdez,"Calle Juárez;12345;Cuauhtémoc;Centro;Ciudad de México;México",53078699,19,2,50,20
 Isabel, Ramírez, Rangel,"Calle Juárez;12345;Cuauhtémoc;Centro;Ciudad de México;México",157681660,20,8,200,19
 Javier, Herrera, Morales,"Calle Juárez;12345;Cuauhtémoc;Centro;Ciudad de México;México",98729264,21,7,175,21
 Laura, Chávez., Castro,"Calle Juárez;12345;Cuauhtémoc;Centro;Ciudad de México;México",282401793,22,1,25,27
 Manuel, Guerra, González,"Calle Juárez;12345;Cuauhtémoc;Centro;Ciudad de México;México",936149003,23,3,75,20
 Carolina, Aguilar, Flores,"Calle Juárez;12345;Cuauhtémoc;Centro;Ciudad de México;México",541154938,24,9,225,21
 Rafael, Gómez, Flores,"Calle Juárez;12345;Cuauhtémoc;Centro;Ciudad de México;México",946305232,25,1,25,27
 Andrea, Gómez, Ramos,"Calle Juárez;12345;Cuauhtémoc;Centro;Ciudad de México;México",185825517,26,5,125,21
 Eduardo, López, Chávez.,"Calle Juárez;12345;Cuauhtémoc;Centro;Ciudad de México;México",831973610,27,3,75,27
 Diego, Pérez, Arias,"Calle Juárez;12345;Cuauhtémoc;Centro;Ciudad de México;México",47595811,28,1,25,24
 Miguel, Franco, Guzmán,"Calle Juárez;12345;Cuauhtémoc;Centro;Ciudad de México;México",920557006,29,2,50,22
 Miguel, Reyes, González,"Calle Juárez;12345;Cuauhtémoc;Centro;Ciudad de México;México",611663724,30,1,25,23
 Roberto, Cruz, Castro,"Calle Juárez;12345;Cuauhtémoc;Centro;Ciudad de México;México",234018214,31,4,100,19
 Lucía, Hernández, Torres,"Calle Juárez;12345;Cuauhtémoc;Centro;Ciudad de México;México",943303545,32,5,125,18
 Lorena., Castro, Romero,"Calle Juárez;12345;Cuauhtémoc;Centro;Ciudad de México;México",389580032,33,1,25,19
 José, Valdez, Paredes,"Calle Juárez;12345;Cuauhtémoc;Centro;Ciudad de México;México",566906364,34,2,50,26
 Andrés, Medina,García,"Calle Juárez;12345;Cuauhtémoc;Centro;Ciudad de México;México",854983109,35,1,25,25
 Gonzalo, Molina, Aguilar,"Calle Juárez;12345;Cuauhtémoc;Centro;Ciudad de México;México",344449896,36,4,100,26
 Elena, Franco, Hernández,"Calle Juárez;12345;Cuauhtémoc;Centro;Ciudad de México;México",900375517,37,7,175,21
 Lucía, Ríos, Castro,"Calle Juárez;12345;Cuauhtémoc;Centro;Ciudad de México;México",199793846,38,1,25,20
 Francisco, Hernández, González,"Calle Juárez;12345;Cuauhtémoc;Centro;Ciudad de México;México",735212680,39,9,225,23
 Elena, Valdez, Ortiz,"Calle Juárez;12345;Cuauhtémoc;Centro;Ciudad de México;México",689088002,40,5,125,20
 Mariana, Núñez, Ramírez,"Calle Juárez;12345;Cuauhtémoc;Centro;Ciudad de México;México",435933216,41,4,100,19
 Javier, Espinoza, Castro,"Calle Juárez;12345;Cuauhtémoc;Centro;Ciudad de México;México",835586852,42,6,150,21
 Diego, Ramírez, Castro,"Calle Juárez;12345;Cuauhtémoc;Centro;Ciudad de México;México",873967161,43,9,225,25
 Ignacio, Cortés, Ramírez,"Calle Juárez;12345;Cuauhtémoc;Centro;Ciudad de México;México",321008538,44,7,175,21
 Carlos, Mendoza,García,"Calle Juárez;12345;Cuauhtémoc;Centro;Ciudad de México;México",968862662,45,7,175,23
 Paula, Ramírez, Arias,"Calle Juárez;12345;Cuauhtémoc;Centro;Ciudad de México;México",8969312,46,1,25,19
 María, Sánchez, Espinoza,"Calle Juárez;12345;Cuauhtémoc;Centro;Ciudad de México;México",557079041,47,3,75,22
 Lucía, Soto, Figueroa,"Calle Juárez;12345;Cuauhtémoc;Centro;Ciudad de México;México",894647729,48,2,50,25
 Diego, Cruz, Reyes,"Calle Juárez;12345;Cuauhtémoc;Centro;Ciudad de México;México",859474060,49,9,225,20
 Ricardo, Vega, Gómez,"Calle Juárez;12345;Cuauhtémoc;Centro;Ciudad de México;México",599935393,50,6,150,19
 Antonio, Morales, Romero,"Calle Juárez;12345;Cuauhtémoc;Centro;Ciudad de México;México",975903790,51,3,75,24
 Isabel, Vega, Rodríguez,"Calle Juárez;12345;Cuauhtémoc;Centro;Ciudad de México;México",300192123,52,2,50,19
 Marta, Martínez, Rangel,"Calle Juárez;12345;Cuauhtémoc;Centro;Ciudad de México;México",171083227,53,3,75,25
 Daniel, Reyes, Delgado,"Calle Juárez;12345;Cuauhtémoc;Centro;Ciudad de México;México",475003335,54,8,200,21
 Pedro, Romero, Zúñiga,"Calle Juárez;12345;Cuauhtémoc;Centro;Ciudad de México;México",313911574,55,6,150,25
 Javier, Franco,García,"Calle Juárez;12345;Cuauhtémoc;Centro;Ciudad de México;México",796361257,56,7,175,21
 Javier, Sánchez, Martínez,"Calle Juárez;12345;Cuauhtémoc;Centro;Ciudad de México;México",94333814,57,9,225,18
 Ana, Vargas, Arias,"Calle Juárez;12345;Cuauhtémoc;Centro;Ciudad de México;México",467132391,58,5,125,19
 Camila, Flores, Núñez,"Calle Juárez;12345;Cuauhtémoc;Centro;Ciudad de México;México",732053261,59,1,25,20
 Manuel, Reyes, Ríos,"Calle Juárez;12345;Cuauhtémoc;Centro;Ciudad de México;México",292053377,60,4,100,27
 Laura, Guerra, Jiménez,"Calle Juárez;12345;Cuauhtémoc;Centro;Ciudad de México;México",470496185,61,1,25,25
 Claudia, Ortiz, Rangel,"Calle Juárez;12345;Cuauhtémoc;Centro;Ciudad de México;México",735365181,62,4,100,21
 Verónica, Soto, Ramírez,"Calle Juárez;12345;Cuauhtémoc;Centro;Ciudad de México;México",938344860,63,1,25,26
 Pedro, Ponce, Núñez,"Calle Juárez;12345;Cuauhtémoc;Centro;Ciudad de México;México",504169386,64,8,200,22
 Pedro, Castro, Gallegos,"Calle Juárez;12345;Cuauhtémoc;Centro;Ciudad de México;México",152113605,65,4,100,22
 Victoria, Ramos, Cruz,"Calle Juárez;12345;Cuauhtémoc;Centro;Ciudad de México;México",685902804,66,10,250,26
 Andrea, Valdez, Ortiz,"Calle Juárez;12345;Cuauhtémoc;Centro;Ciudad de México;México",198046237,67,1,25,19
 Victoria, Padilla, Aguilar,"Calle Juárez;12345;Cuauhtémoc;Centro;Ciudad de México;México",522549502,68,9,225,27
 Camila, Mora, Pérez,"Calle Juárez;12345;Cuauhtémoc;Centro;Ciudad de México;México",6442039,69,7,175,27
 Beatriz, López, Mendoza,"Calle Juárez;12345;Cuauhtémoc;Centro;Ciudad de México;México",143557973,70,1,25,25
 Adriana, Sánchez, Medina,"Calle Juárez;12345;Cuauhtémoc;Centro;Ciudad de México;México",232131016,71,8,200,20
 Ignacio, Romero, Romero,"Calle Juárez;12345;Cuauhtémoc;Centro;Ciudad de México;México",561008350,72,7,175,22
 Ignacio, Figueroa, Guzmán,"Calle Juárez;12345;Cuauhtémoc;Centro;Ciudad de México;México",355267297,73,1,25,27
 Camila, Molina, Cortés,"Calle Juárez;12345;Cuauhtémoc;Centro;Ciudad de México;México",715328207,74,7,175,19
 Daniel, Paredes, Gómez,"Calle Juárez;12345;Cuauhtémoc;Centro;Ciudad de México;México",577669395,75,10,250,23
 Adriana, Molina, Gallegos,"Calle Juárez;12345;Cuauhtémoc;Centro;Ciudad de México;México",604789673,76,7,175,21
 Sofía, Medina, Guzmán,"Calle Juárez;12345;Cuauhtémoc;Centro;Ciudad de México;México",235051030,77,5,125,22
 Gabriela, Ríos, Valdez,"Calle Juárez;12345;Cuauhtémoc;Centro;Ciudad de México;México",539226178,78,3,75,23
 Diego, Silva, Guzmán,"Calle Juárez;12345;Cuauhtémoc;Centro;Ciudad de México;México",275174844,79,10,250,22
 Diego, Vargas, Aguilar,"Calle Juárez;12345;Cuauhtémoc;Centro;Ciudad de México;México",935187066,80,3,75,25
Juan, Zúñiga, Castro,"Calle Juárez;12345;Cuauhtémoc;Centro;Ciudad de México;México",822518996,81,3,75,26
 Andrés, Ponce, Jiménez,"Calle Juárez;12345;Cuauhtémoc;Centro;Ciudad de México;México",754757278,82,4,100,18
 Isabel, Morales, Rangel,"Calle Juárez;12345;Cuauhtémoc;Centro;Ciudad de México;México",324841395,83,9,225,22
 María, Chávez., Medina,"Calle Juárez;12345;Cuauhtémoc;Centro;Ciudad de México;México",584500579,84,1,25,19
 Laura, Flores, Herrera,"Calle Juárez;12345;Cuauhtémoc;Centro;Ciudad de México;México",129079066,85,7,175,24
 Lucía, Torres, Rodríguez,"Calle Juárez;12345;Cuauhtémoc;Centro;Ciudad de México;México",690040212,86,5,125,24
 Sergio, Padilla, Morales,"Calle Juárez;12345;Cuauhtémoc;Centro;Ciudad de México;México",721126246,87,4,100,20
 Elena, Molina, Ríos,"Calle Juárez;12345;Cuauhtémoc;Centro;Ciudad de México;México",383721281,88,5,125,19
 Alejandro, Silva, Herrera,"Calle Juárez;12345;Cuauhtémoc;Centro;Ciudad de México;México",72593572,89,4,100,27
 Rafael, Mendoza, Herrera,"Calle Juárez;12345;Cuauhtémoc;Centro;Ciudad de México;México",95784010,90,2,50,20
 Diego, López, Jiménez,"Calle Juárez;12345;Cuauhtémoc;Centro;Ciudad de México;México",681810068,91,2,50,25
 Emilio, Ortiz, Paredes,"Calle Juárez;12345;Cuauhtémoc;Centro;Ciudad de México;México",921421532,92,8,200,18
 Ignacio, Gómez, Ponce,"Calle Juárez;12345;Cuauhtémoc;Centro;Ciudad de México;México",177712731,93,1,25,26
Juan, Vega, Morales,"Calle Juárez;12345;Cuauhtémoc;Centro;Ciudad de México;México",543964615,94,6,150,21
 Ramón, Flores, Reyes,"Calle Juárez;12345;Cuauhtémoc;Centro;Ciudad de México;México",673753561,95,6,150,25
 Antonio, Guzmán, González,"Calle Juárez;12345;Cuauhtémoc;Centro;Ciudad de México;México",285107479,96,1,25,26
 Gabriela, Aguilar, Gómez,"Calle Juárez;12345;Cuauhtémoc;Centro;Ciudad de México;México",145122736,97,1,25,19
 Emilio, Gómez, Sánchez,"Calle Juárez;12345;Cuauhtémoc;Centro;Ciudad de México;México",279188026,98,10,250,24
 Andrea, Mora, Torres,"Calle Juárez;12345;Cuauhtémoc;Centro;Ciudad de México;México",593232920,99,9,225,20
 Manuel, Romero, Jiménez,"Calle Juárez;12345;Cuauhtémoc;Centro;Ciudad de México;México",959094853,100,1,25,18
 Ignacio, Silva, Valdez,"Calle Juárez;12345;Cuauhtémoc;Centro;Ciudad de México;México",937713856,101,4,100,19
 Eduardo, Jiménez, Mora,"Calle Juárez;12345;Cuauhtémoc;Centro;Ciudad de México;México",31406462,102,1,25,25
 Isabel, Romero, Padilla,"Calle Juárez;12345;Cuauhtémoc;Centro;Ciudad de México;México",578399048,103,4,100,25
 Valentina, Pérez, Ortiz,"Calle Juárez;12345;Cuauhtémoc;Centro;Ciudad de México;México",932490094,104,3,75,23
 Lucía, Rodríguez, Figueroa,"Calle Juárez;12345;Cuauhtémoc;Centro;Ciudad de México;México",952649901,105,2,50,20
 Julia, Mendoza, Guerra,"Calle Juárez;12345;Cuauhtémoc;Centro;Ciudad de México;México",540573722,106,1,25,25
 Pedro, López, Cortés,"Calle Juárez;12345;Cuauhtémoc;Centro;Ciudad de México;México",239338410,107,4,100,20
 Isabel, Morales, Valdez,"Calle Juárez;12345;Cuauhtémoc;Centro;Ciudad de México;México",232154164,108,1,25,21
 Carolina, Castro, Sánchez,"Calle Juárez;12345;Cuauhtémoc;Centro;Ciudad de México;México",505994047,109,7,175,20
 Verónica, Valdez, Rodríguez,"Calle Juárez;12345;Cuauhtémoc;Centro;Ciudad de México;México",341440175,110,9,225,18
 Ricardo, Romero, Gallegos,"Calle Juárez;12345;Cuauhtémoc;Centro;Ciudad de México;México",701229805,111,10,250,25
 Manuel, González, Romero,"Calle Juárez;12345;Cuauhtémoc;Centro;Ciudad de México;México",611193175,112,4,100,20
 Lucía, Gallegos, Hernández,"Calle Juárez;12345;Cuauhtémoc;Centro;Ciudad de México;México",888871441,113,2,50,25
 Mariana, Núñez, Flores,"Calle Juárez;12345;Cuauhtémoc;Centro;Ciudad de México;México",358177856,114,1,25,19
 Rafael, Castro, Núñez,"Calle Juárez;12345;Cuauhtémoc;Centro;Ciudad de México;México",357764898,115,7,175,21
 Verónica, Soto, Reyes,"Calle Juárez;12345;Cuauhtémoc;Centro;Ciudad de México;México",703035946,116,2,50,24
 Paola, Silva, Pérez,"Calle Juárez;12345;Cuauhtémoc;Centro;Ciudad de México;México",758792859,117,2,50,26
 Ignacio, Franco, Guzmán,"Calle Juárez;12345;Cuauhtémoc;Centro;Ciudad de México;México",80800908,118,2,50,24
 Manuel, Gómez, Aguilar,"Calle Juárez;12345;Cuauhtémoc;Centro;Ciudad de México;México",218659096,119,9,225,18
 Ignacio, Ramírez, Gómez,"Calle Juárez;12345;Cuauhtémoc;Centro;Ciudad de México;México",221541841,120,6,150,21
 Carolina, Reyes, Ríos,"Calle Juárez;12345;Cuauhtémoc;Centro;Ciudad de México;México",812443405,121,4,100,20
 Diego, López, Ríos,"Calle Juárez;12345;Cuauhtémoc;Centro;Ciudad de México;México",648927495,122,9,225,24
 Francisco, Mora, Romero,"Calle Juárez;12345;Cuauhtémoc;Centro;Ciudad de México;México",39991741,123,5,125,27
 Claudia, Molina, Paredes,"Calle Juárez;12345;Cuauhtémoc;Centro;Ciudad de México;México",138041463,124,10,250,19
 Alejandro, Guzmán, Flores,"Calle Juárez;12345;Cuauhtémoc;Centro;Ciudad de México;México",985775414,125,2,50,18
 José, Soto, Cruz,"Calle Juárez;12345;Cuauhtémoc;Centro;Ciudad de México;México",304853782,126,8,200,25
 Roberto, Ponce, Rodríguez,"Calle Juárez;12345;Cuauhtémoc;Centro;Ciudad de México;México",41158502,127,5,125,23
Juan, Ramírez, Reyes,"Calle Juárez;12345;Cuauhtémoc;Centro;Ciudad de México;México",651430745,128,3,75,22
 Lorena., Martínez, Sánchez,"Calle Juárez;12345;Cuauhtémoc;Centro;Ciudad de México;México",995376988,129,6,150,22
 Beatriz, Mendoza, Sánchez,"Calle Juárez;12345;Cuauhtémoc;Centro;Ciudad de México;México",331438808,130,1,25,27
 Verónica, Arias, López,"Calle Juárez;12345;Cuauhtémoc;Centro;Ciudad de México;México",922215088,131,1,25,24
 Paula, Mendoza, Morales,"Calle Juárez;12345;Cuauhtémoc;Centro;Ciudad de México;México",116005032,132,2,50,25
 Emilio, Mora, López,"Calle Juárez;12345;Cuauhtémoc;Centro;Ciudad de México;México",490702688,133,1,25,24
 Paola, Figueroa, Valdez,"Calle Juárez;12345;Cuauhtémoc;Centro;Ciudad de México;México",893563044,134,8,200,18
 Andrés, Sánchez, Herrera,"Calle Juárez;12345;Cuauhtémoc;Centro;Ciudad de México;México",326489194,135,9,225,26
 Gonzalo, Jiménez, Cortés,"Calle Juárez;12345;Cuauhtémoc;Centro;Ciudad de México;México",513551966,136,5,125,18
 Ana, Sánchez, Guerra,"Calle Juárez;12345;Cuauhtémoc;Centro;Ciudad de México;México",286151325,137,8,200,21
 Lucía, Rodríguez, Franco,"Calle Juárez;12345;Cuauhtémoc;Centro;Ciudad de México;México",279248377,138,1,25,23
 Marta, Mendoza, Herrera,"Calle Juárez;12345;Cuauhtémoc;Centro;Ciudad de México;México",206856114,139,8,200,20
 Carlos, Soto, Rangel,"Calle Juárez;12345;Cuauhtémoc;Centro;Ciudad de México;México",271668512,140,8,200,27
 Julia, López, Molina,"Calle Juárez;12345;Cuauhtémoc;Centro;Ciudad de México;México",171928902,141,5,125,20
 Ana, Vega, Rangel,"Calle Juárez;12345;Cuauhtémoc;Centro;Ciudad de México;México",691194585,142,1,25,22
 María, Jiménez, Franco,"Calle Juárez;12345;Cuauhtémoc;Centro;Ciudad de México;México",652412442,143,10,250,24
 Adriana, Sánchez, Vega,"Calle Juárez;12345;Cuauhtémoc;Centro;Ciudad de México;México",51204909,144,4,100,18
 Pedro, Castro, Vargas,"Calle Juárez;12345;Cuauhtémoc;Centro;Ciudad de México;México",737804235,145,6,150,24
 Rafael, Ramos, Figueroa,"Calle Juárez;12345;Cuauhtémoc;Centro;Ciudad de México;México",223831637,146,7,175,24
 Paula, Gallegos, Aguilar,"Calle Juárez;12345;Cuauhtémoc;Centro;Ciudad de México;México",75038676,147,6,150,25
 Ricardo, Sánchez, Ramos,"Calle Juárez;12345;Cuauhtémoc;Centro;Ciudad de México;México",374865292,148,9,225,27
 Lucía, Vargas, Paredes,"Calle Juárez;12345;Cuauhtémoc;Centro;Ciudad de México;México",636991431,149,4,100,22
 Lorena., Aguilar, Gómez,"Calle Juárez;12345;Cuauhtémoc;Centro;Ciudad de México;México",422281528,150,4,100,19
 Laura, Martínez, Rangel,"Calle Juárez;12345;Cuauhtémoc;Centro;Ciudad de México;México",554807818,151,3,75,18
 Victoria, Vega, Guerra,"Calle Juárez;12345;Cuauhtémoc;Centro;Ciudad de México;México",933820964,152,2,50,19
 Laura, Castro, González,"Calle Juárez;12345;Cuauhtémoc;Centro;Ciudad de México;México",226564218,153,3,75,18
 Daniel, Pérez, Jiménez,"Calle Juárez;12345;Cuauhtémoc;Centro;Ciudad de México;México",500941592,154,7,175,21
 Eduardo, Guzmán, Cruz,"Calle Juárez;12345;Cuauhtémoc;Centro;Ciudad de México;México",237824386,155,6,150,21
 María, Mendoza, Soto,"Calle Juárez;12345;Cuauhtémoc;Centro;Ciudad de México;México",393157919,156,2,50,22
 Pedro, Morales, Mora,"Calle Juárez;12345;Cuauhtémoc;Centro;Ciudad de México;México",840365662,157,4,100,23
 Isabel, Ramos, Molina,"Calle Juárez;12345;Cuauhtémoc;Centro;Ciudad de México;México",420865934,158,10,250,19
 Emilio, Gómez, Rodríguez,"Calle Juárez;12345;Cuauhtémoc;Centro;Ciudad de México;México",871036529,159,2,50,18
 Rafael, Jiménez, Romero,"Calle Juárez;12345;Cuauhtémoc;Centro;Ciudad de México;México",25294950,160,1,25,21
 Manuel, Padilla, Hernández,"Calle Juárez;12345;Cuauhtémoc;Centro;Ciudad de México;México",947366333,161,1,25,18
 Sergio, Paredes, Morales,"Calle Juárez;12345;Cuauhtémoc;Centro;Ciudad de México;México",874602898,162,1,25,19
 Diego,García, Flores,"Calle Juárez;12345;Cuauhtémoc;Centro;Ciudad de México;México",13148359,163,4,100,27
 Claudia, Rangel, Castro,"Calle Juárez;12345;Cuauhtémoc;Centro;Ciudad de México;México",515357518,164,9,225,23
 Luis, Guzmán, Castro,"Calle Juárez;12345;Cuauhtémoc;Centro;Ciudad de México;México",654396048,165,9,225,18
 Laura, Chávez., Medina,"Calle Juárez;12345;Cuauhtémoc;Centro;Ciudad de México;México",2931030,166,2,50,20
 Valentina, Cruz, Valdez,"Calle Juárez;12345;Cuauhtémoc;Centro;Ciudad de México;México",80082948,167,3,75,19
 Beatriz, Mendoza, Vega,"Calle Juárez;12345;Cuauhtémoc;Centro;Ciudad de México;México",842293581,168,3,75,20
 Marta, Sánchez, Guzmán,"Calle Juárez;12345;Cuauhtémoc;Centro;Ciudad de México;México",662572136,169,8,200,23
 Elena, Medina, González,"Calle Juárez;12345;Cuauhtémoc;Centro;Ciudad de México;México",496544273,170,2,50,24
 Victoria, Aguilar, Ponce,"Calle Juárez;12345;Cuauhtémoc;Centro;Ciudad de México;México",676265829,171,3,75,20
 Manuel, Rangel, Ramírez,"Calle Juárez;12345;Cuauhtémoc;Centro;Ciudad de México;México",189209038,172,5,125,25
 Javier, Medina, Sánchez,"Calle Juárez;12345;Cuauhtémoc;Centro;Ciudad de México;México",730517092,173,7,175,24
 Mariana, Reyes, Ortiz,"Calle Juárez;12345;Cuauhtémoc;Centro;Ciudad de México;México",890656335,174,4,100,22
 Roberto, Núñez, Castro,"Calle Juárez;12345;Cuauhtémoc;Centro;Ciudad de México;México",663692315,175,1,25,23
 Natalia, Hernández, Paredes,"Calle Juárez;12345;Cuauhtémoc;Centro;Ciudad de México;México",982645249,176,2,50,26
 Laura, Cortés, Castro,"Calle Juárez;12345;Cuauhtémoc;Centro;Ciudad de México;México",324800154,177,8,200,21
 Mariana, Figueroa, Flores,"Calle Juárez;12345;Cuauhtémoc;Centro;Ciudad de México;México",24664556,178,8,200,25
 Gabriela, Sánchez, Ramírez,"Calle Juárez;12345;Cuauhtémoc;Centro;Ciudad de México;México",670158121,179,2,50,23
 Lucía,García, Mora,"Calle Juárez;12345;Cuauhtémoc;Centro;Ciudad de México;México",413192826,180,10,250,23
 Roberto, Flores, López,"Calle Juárez;12345;Cuauhtémoc;Centro;Ciudad de México;México",767872276,181,9,225,22
 Emilio, Aguilar, Hernández,"Calle Juárez;12345;Cuauhtémoc;Centro;Ciudad de México;México",103473526,182,1,25,21
 Eduardo, González, Mora,"Calle Juárez;12345;Cuauhtémoc;Centro;Ciudad de México;México",325673179,183,1,25,25
 Gabriel, Flores, Paredes,"Calle Juárez;12345;Cuauhtémoc;Centro;Ciudad de México;México",482504913,184,6,150,22
 Verónica, Soto, Cortés,"Calle Juárez;12345;Cuauhtémoc;Centro;Ciudad de México;México",212277426,185,7,175,22
 Adriana, Silva, Castro,"Calle Juárez;12345;Cuauhtémoc;Centro;Ciudad de México;México",765809587,186,2,50,20
 Valentina, Espinoza, González,"Calle Juárez;12345;Cuauhtémoc;Centro;Ciudad de México;México",193020407,187,2,50,23
 Gonzalo, Castro, Ríos,"Calle Juárez;12345;Cuauhtémoc;Centro;Ciudad de México;México",30522847,188,6,150,24
 Manuel, Romero, Ramos,"Calle Juárez;12345;Cuauhtémoc;Centro;Ciudad de México;México",868809608,189,3,75,20
 Paola, Mora, Núñez,"Calle Juárez;12345;Cuauhtémoc;Centro;Ciudad de México;México",239314346,190,2,50,19
 Gonzalo, Sánchez, Ramos,"Calle Juárez;12345;Cuauhtémoc;Centro;Ciudad de México;México",445628193,191,3,75,23
 María, Figueroa, Reyes,"Calle Juárez;12345;Cuauhtémoc;Centro;Ciudad de México;México",617370286,192,9,225,20
 Miguel, Castro, Padilla,"Calle Juárez;12345;Cuauhtémoc;Centro;Ciudad de México;México",708804618,193,1,25,27
 Francisco, González, Rodríguez,"Calle Juárez;12345;Cuauhtémoc;Centro;Ciudad de México;México",767302944,194,6,150,27
 Andrea, Guerra, Delgado,"Calle Juárez;12345;Cuauhtémoc;Centro;Ciudad de México;México",442989213,195,2,50,18
 Diego, López, Mendoza,"Calle Juárez;12345;Cuauhtémoc;Centro;Ciudad de México;México",849395012,196,10,250,26
 Paula, López, Chávez.,"Calle Juárez;12345;Cuauhtémoc;Centro;Ciudad de México;México",736758051,197,6,150,27
 Laura, Valdez, Guzmán,"Calle Juárez;12345;Cuauhtémoc;Centro;Ciudad de México;México",79243223,198,9,225,23
 Lorena., Ramírez, Rodríguez,"Calle Juárez;12345;Cuauhtémoc;Centro;Ciudad de México;México",720498542,199,1,25,22
 Marta, Guerra, González,"Calle Juárez;12345;Cuauhtémoc;Centro;Ciudad de México;México",763498841,200,8,200,21
 Eduardo, Castro, Franco,"Calle Juárez;12345;Cuauhtémoc;Centro;Ciudad de México;México",274433714,201,2,50,19
 Miguel, Martínez, Soto,"Calle Juárez;12345;Cuauhtémoc;Centro;Ciudad de México;México",583714310,202,2,50,27
 Laura, Jiménez, Torres,"Calle Juárez;12345;Cuauhtémoc;Centro;Ciudad de México;México",400425694,203,2,50,20
 Miguel, Flores, Romero,"Calle Juárez;12345;Cuauhtémoc;Centro;Ciudad de México;México",528338332,204,1,25,23
 Andrés, Paredes, Cortés,"Calle Juárez;12345;Cuauhtémoc;Centro;Ciudad de México;México",176769487,205,6,150,22
 Marta, Ramírez, Delgado,"Calle Juárez;12345;Cuauhtémoc;Centro;Ciudad de México;México",540141024,206,5,125,27
 Ricardo, González, Torres,"Calle Juárez;12345;Cuauhtémoc;Centro;Ciudad de México;México",555128246,207,3,75,27
 Victoria, Flores, Gallegos,"Calle Juárez;12345;Cuauhtémoc;Centro;Ciudad de México;México",804926003,208,9,225,27
 Paula, Herrera,García,"Calle Juárez;12345;Cuauhtémoc;Centro;Ciudad de México;México",252748180,209,6,150,21
 Antonio, Franco, González,"Calle Juárez;12345;Cuauhtémoc;Centro;Ciudad de México;México",712782859,210,4,100,19
 Paula, Espinoza, Franco,"Calle Juárez;12345;Cuauhtémoc;Centro;Ciudad de México;México",759881741,211,1,25,27
 Isabel, Ramos, Guerra,"Calle Juárez;12345;Cuauhtémoc;Centro;Ciudad de México;México",310311119,212,3,75,24
 Francisco, Morales, Reyes,"Calle Juárez;12345;Cuauhtémoc;Centro;Ciudad de México;México",637317513,213,4,100,27
 Rafael, Torres, Silva,"Calle Juárez;12345;Cuauhtémoc;Centro;Ciudad de México;México",606634627,214,3,75,20
 Beatriz, Flores, Delgado,"Calle Juárez;12345;Cuauhtémoc;Centro;Ciudad de México;México",526275121,215,9,225,18
 Antonio, Arias, Gallegos,"Calle Juárez;12345;Cuauhtémoc;Centro;Ciudad de México;México",952148172,216,5,125,25
 Camila, Torres, Torres,"Calle Juárez;12345;Cuauhtémoc;Centro;Ciudad de México;México",204661181,217,9,225,19
 Marcelo, Paredes, Guerra,"Calle Juárez;12345;Cuauhtémoc;Centro;Ciudad de México;México",429158644,218,2,50,25
 Ignacio, Aguilar, Cruz,"Calle Juárez;12345;Cuauhtémoc;Centro;Ciudad de México;México",172665133,219,7,175,19
 Valentina, Guerra, Romero,"Calle Juárez;12345;Cuauhtémoc;Centro;Ciudad de México;México",344197388,220,1,25,20
 Victoria, Herrera, Franco,"Calle Juárez;12345;Cuauhtémoc;Centro;Ciudad de México;México",279456537,221,5,125,18
 Verónica, Mendoza, Zúñiga,"Calle Juárez;12345;Cuauhtémoc;Centro;Ciudad de México;México",447892764,222,4,100,20
 Julia, Molina, Romero,"Calle Juárez;12345;Cuauhtémoc;Centro;Ciudad de México;México",474610142,223,4,100,25
 Lorena., Soto, Hernández,"Calle Juárez;12345;Cuauhtémoc;Centro;Ciudad de México;México",181237767,224,6,150,19
 Gabriela, Mendoza, López,"Calle Juárez;12345;Cuauhtémoc;Centro;Ciudad de México;México",457933944,225,7,175,19
 Emilio, Ramírez, Ramírez,"Calle Juárez;12345;Cuauhtémoc;Centro;Ciudad de México;México",708066838,226,2,50,23
 Camila, Gallegos, Pérez,"Calle Juárez;12345;Cuauhtémoc;Centro;Ciudad de México;México",168135557,227,10,250,20
 María, Ponce, Núñez,"Calle Juárez;12345;Cuauhtémoc;Centro;Ciudad de México;México",195892446,228,9,225,22
 Camila, Pérez, Romero,"Calle Juárez;12345;Cuauhtémoc;Centro;Ciudad de México;México",593110439,229,9,225,18
 Rafael, Jiménez, Flores,"Calle Juárez;12345;Cuauhtémoc;Centro;Ciudad de México;México",943162442,230,3,75,24
 Paola, Torres, Padilla,"Calle Juárez;12345;Cuauhtémoc;Centro;Ciudad de México;México",103085472,231,5,125,21
 María, Franco, Ortiz,"Calle Juárez;12345;Cuauhtémoc;Centro;Ciudad de México;México",91948540,232,2,50,20
 Carolina, Romero, Arias,"Calle Juárez;12345;Cuauhtémoc;Centro;Ciudad de México;México",235619491,233,3,75,22
 Isabel, Figueroa, Espinoza,"Calle Juárez;12345;Cuauhtémoc;Centro;Ciudad de México;México",682371387,234,1,25,22
 Susana, Aguilar, Castro,"Calle Juárez;12345;Cuauhtémoc;Centro;Ciudad de México;México",775484480,235,8,200,22
 Gabriel, Ramos,García,"Calle Juárez;12345;Cuauhtémoc;Centro;Ciudad de México;México",87933996,236,7,175,19
 Rafael, Zúñiga, Herrera,"Calle Juárez;12345;Cuauhtémoc;Centro;Ciudad de México;México",917538248,237,6,150,18
 Diego, Gallegos, Rangel,"Calle Juárez;12345;Cuauhtémoc;Centro;Ciudad de México;México",602803502,238,1,25,22
 Gonzalo, Arias, Ponce,"Calle Juárez;12345;Cuauhtémoc;Centro;Ciudad de México;México",354393590,239,8,200,23
 Marta, Medina, Molina,"Calle Juárez;12345;Cuauhtémoc;Centro;Ciudad de México;México",76649413,240,3,75,22
 Manuel, Castro, Núñez,"Calle Juárez;12345;Cuauhtémoc;Centro;Ciudad de México;México",139867233,241,9,225,27
 Antonio, Mendoza, Paredes,"Calle Juárez;12345;Cuauhtémoc;Centro;Ciudad de México;México",998623115,242,8,200,24
 Pedro, Castro, Cruz,"Calle Juárez;12345;Cuauhtémoc;Centro;Ciudad de México;México",939126624,243,1,25,22
 Julia, Ramírez, Franco,"Calle Juárez;12345;Cuauhtémoc;Centro;Ciudad de México;México",102495612,244,4,100,24
 Miguel, Ramos, Romero,"Calle Juárez;12345;Cuauhtémoc;Centro;Ciudad de México;México",306493794,245,3,75,24
 Lucía, Hernández, Vega,"Calle Juárez;12345;Cuauhtémoc;Centro;Ciudad de México;México",689449655,246,2,50,21
 Victoria, Cruz, Torres,"Calle Juárez;12345;Cuauhtémoc;Centro;Ciudad de México;México",467362723,247,5,125,25
 Lorena., Morales, Rangel,"Calle Juárez;12345;Cuauhtémoc;Centro;Ciudad de México;México",230614134,248,2,50,20
 Paola, Castro, Mendoza,"Calle Juárez;12345;Cuauhtémoc;Centro;Ciudad de México;México",338159063,249,1,25,22
 Isabel, Castro,García,"Calle Juárez;12345;Cuauhtémoc;Centro;Ciudad de México;México",282266246,250,6,150,22
 Andrés, Castro, Castro,"Calle Juárez;12345;Cuauhtémoc;Centro;Ciudad de México;México",355507222,251,2,50,24
 Andrés, González, González,"Calle Juárez;12345;Cuauhtémoc;Centro;Ciudad de México;México",587203748,252,8,200,27
 Alejandro, López, Castro,"Calle Juárez;12345;Cuauhtémoc;Centro;Ciudad de México;México",565169748,253,2,50,18
 Emilio, Ramos, Soto,"Calle Juárez;12345;Cuauhtémoc;Centro;Ciudad de México;México",422404127,254,5,125,25
 Susana, Morales, López,"Calle Juárez;12345;Cuauhtémoc;Centro;Ciudad de México;México",728315204,255,9,225,18
 Javier, Castro, Hernández,"Calle Juárez;12345;Cuauhtémoc;Centro;Ciudad de México;México",160727033,256,2,50,20
 Lorena., Jiménez, Aguilar,"Calle Juárez;12345;Cuauhtémoc;Centro;Ciudad de México;México",129977996,257,2,50,21
 Natalia,García, Molina,"Calle Juárez;12345;Cuauhtémoc;Centro;Ciudad de México;México",560318462,258,6,150,25
 Gabriel, Guzmán, Rodríguez,"Calle Juárez;12345;Cuauhtémoc;Centro;Ciudad de México;México",500055841,259,4,100,20
 Claudia, Figueroa, Torres,"Calle Juárez;12345;Cuauhtémoc;Centro;Ciudad de México;México",985564833,260,8,200,18
Juan, Valdez, Guerra,"Calle Juárez;12345;Cuauhtémoc;Centro;Ciudad de México;México",806645150,261,8,200,18
 Ramón, Jiménez, Figueroa,"Calle Juárez;12345;Cuauhtémoc;Centro;Ciudad de México;México",511671443,262,1,25,18
 María,García, Jiménez,"Calle Juárez;12345;Cuauhtémoc;Centro;Ciudad de México;México",509842887,263,1,25,19
 Javier, Castro, Molina,"Calle Juárez;12345;Cuauhtémoc;Centro;Ciudad de México;México",5530812,264,7,175,20
 Eduardo, Pérez, Ramírez,"Calle Juárez;12345;Cuauhtémoc;Centro;Ciudad de México;México",980609994,265,8,200,19
 Francisco, Arias, Cortés,"Calle Juárez;12345;Cuauhtémoc;Centro;Ciudad de México;México",965169785,266,2,50,25
 Adriana, Morales, Delgado,"Calle Juárez;12345;Cuauhtémoc;Centro;Ciudad de México;México",507608490,267,7,175,23
 Susana, Cruz, Arias,"Calle Juárez;12345;Cuauhtémoc;Centro;Ciudad de México;México",170285051,268,3,75,26
 Valentina, Romero, Núñez,"Calle Juárez;12345;Cuauhtémoc;Centro;Ciudad de México;México",801300536,269,8,200,20
 Roberto, Romero, Núñez,"Calle Juárez;12345;Cuauhtémoc;Centro;Ciudad de México;México",855782010,270,5,125,21
 Gonzalo, Chávez., Romero,"Calle Juárez;12345;Cuauhtémoc;Centro;Ciudad de México;México",447472234,271,8,200,21
 Andrés, Silva, Vargas,"Calle Juárez;12345;Cuauhtémoc;Centro;Ciudad de México;México",255229049,272,3,75,20
 Andrea, Franco, Morales,"Calle Juárez;12345;Cuauhtémoc;Centro;Ciudad de México;México",82303442,273,8,200,26
 Mariana, Romero, Hernández,"Calle Juárez;12345;Cuauhtémoc;Centro;Ciudad de México;México",466972938,274,9,225,23
 Mariana, Reyes, Reyes,"Calle Juárez;12345;Cuauhtémoc;Centro;Ciudad de México;México",889221855,275,1,25,22
 Lorena., Arias, Morales,"Calle Juárez;12345;Cuauhtémoc;Centro;Ciudad de México;México",269869604,276,7,175,20
 Adriana, Morales, Medina,"Calle Juárez;12345;Cuauhtémoc;Centro;Ciudad de México;México",619599557,277,10,250,22
 Miguel, Mendoza, Flores,"Calle Juárez;12345;Cuauhtémoc;Centro;Ciudad de México;México",522176315,278,2,50,21
 María, Silva, Cortés,"Calle Juárez;12345;Cuauhtémoc;Centro;Ciudad de México;México",694428996,279,5,125,27
 Lorena., Martínez, Núñez,"Calle Juárez;12345;Cuauhtémoc;Centro;Ciudad de México;México",607090879,280,10,250,25
 Elena, Zúñiga, Cruz,"Calle Juárez;12345;Cuauhtémoc;Centro;Ciudad de México;México",26694349,281,5,125,21
 Paola, Franco, Morales,"Calle Juárez;12345;Cuauhtémoc;Centro;Ciudad de México;México",314868888,282,5,125,22
 Francisco, Soto, Cortés,"Calle Juárez;12345;Cuauhtémoc;Centro;Ciudad de México;México",495868035,283,10,250,27
Juan, Mora, Mora,"Calle Juárez;12345;Cuauhtémoc;Centro;Ciudad de México;México",978345814,284,2,50,26
 Beatriz, Guzmán, Sánchez,"Calle Juárez;12345;Cuauhtémoc;Centro;Ciudad de México;México",792146773,285,8,200,24
 Lorena., Medina, Rodríguez,"Calle Juárez;12345;Cuauhtémoc;Centro;Ciudad de México;México",466545733,286,5,125,25
 José, Sánchez, Reyes,"Calle Juárez;12345;Cuauhtémoc;Centro;Ciudad de México;México",45350546,287,4,100,27
 Laura, Ortiz, Romero,"Calle Juárez;12345;Cuauhtémoc;Centro;Ciudad de México;México",982700975,288,5,125,27
 Andrea, Pérez, Vega,"Calle Juárez;12345;Cuauhtémoc;Centro;Ciudad de México;México",790214638,289,3,75,24
 Daniel, Ponce, Jiménez,"Calle Juárez;12345;Cuauhtémoc;Centro;Ciudad de México;México",646599002,290,4,100,21
 Valentina, Rodríguez, Cortés,"Calle Juárez;12345;Cuauhtémoc;Centro;Ciudad de México;México",763892361,291,5,125,22
 Ignacio, López, Zúñiga,"Calle Juárez;12345;Cuauhtémoc;Centro;Ciudad de México;México",451537867,292,9,225,23
 Carlos, Franco, Ramírez,"Calle Juárez;12345;Cuauhtémoc;Centro;Ciudad de México;México",526534543,293,10,250,26
 Andrea, Molina, Ramos,"Calle Juárez;12345;Cuauhtémoc;Centro;Ciudad de México;México",336728014,294,8,200,26
 Francisco, Flores, Vargas,"Calle Juárez;12345;Cuauhtémoc;Centro;Ciudad de México;México",875806831,295,3,75,22
 Gonzalo, Franco, Espinoza,"Calle Juárez;12345;Cuauhtémoc;Centro;Ciudad de México;México",586794749,296,9,225,25
 Natalia, Ortiz, Gallegos,"Calle Juárez;12345;Cuauhtémoc;Centro;Ciudad de México;México",850958215,297,3,75,21
 Paula, Ponce, Guzmán,"Calle Juárez;12345;Cuauhtémoc;Centro;Ciudad de México;México",683110131,298,4,100,18
 Pedro, Cortés, Franco,"Calle Juárez;12345;Cuauhtémoc;Centro;Ciudad de México;México",122413646,299,3,75,26
 Sofía, Espinoza, Zúñiga,"Calle Juárez;12345;Cuauhtémoc;Centro;Ciudad de México;México",338193202,300,10,250,25
 José, Martínez, López,"Calle Juárez;12345;Cuauhtémoc;Centro;Ciudad de México;México",555042381,301,8,200,24
 Roberto, López, Pérez,"Calle Juárez;12345;Cuauhtémoc;Centro;Ciudad de México;México",796685015,302,10,250,21
 Julia, Castro, Medina,"Calle Juárez;12345;Cuauhtémoc;Centro;Ciudad de México;México",450287216,303,10,250,26
 Paola, Mora, Martínez,"Calle Juárez;12345;Cuauhtémoc;Centro;Ciudad de México;México",611769168,304,10,250,27
 Gabriel, Jiménez, Vargas,"Calle Juárez;12345;Cuauhtémoc;Centro;Ciudad de México;México",134308435,305,4,100,22
 Sergio, Romero, Cruz,"Calle Juárez;12345;Cuauhtémoc;Centro;Ciudad de México;México",828354312,306,2,50,19
 Daniel, Romero, Aguilar,"Calle Juárez;12345;Cuauhtémoc;Centro;Ciudad de México;México",648643626,307,8,200,24
 María, Valdez, Ramos,"Calle Juárez;12345;Cuauhtémoc;Centro;Ciudad de México;México",838655348,308,6,150,24
 Isabel, Romero, Zúñiga,"Calle Juárez;12345;Cuauhtémoc;Centro;Ciudad de México;México",117066668,309,4,100,26
 Rafael, Mora, Vega,"Calle Juárez;12345;Cuauhtémoc;Centro;Ciudad de México;México",948620352,310,7,175,25
 Gabriel, Castro, Rodríguez,"Calle Juárez;12345;Cuauhtémoc;Centro;Ciudad de México;México",750382062,311,5,125,22
 Andrea, Zúñiga,García,"Calle Juárez;12345;Cuauhtémoc;Centro;Ciudad de México;México",907158720,312,10,250,19
 José, Castro, Morales,"Calle Juárez;12345;Cuauhtémoc;Centro;Ciudad de México;México",905591755,313,3,75,22
 Gabriela, Chávez., Ríos,"Calle Juárez;12345;Cuauhtémoc;Centro;Ciudad de México;México",584982201,314,6,150,23
 Eduardo, Zúñiga, Ríos,"Calle Juárez;12345;Cuauhtémoc;Centro;Ciudad de México;México",516899728,315,4,100,26
 Andrea, Reyes, Franco,"Calle Juárez;12345;Cuauhtémoc;Centro;Ciudad de México;México",363143516,316,7,175,27
 Andrés, Molina, Reyes,"Calle Juárez;12345;Cuauhtémoc;Centro;Ciudad de México;México",405050888,317,3,75,26
Juan, Aguilar, Castro,"Calle Juárez;12345;Cuauhtémoc;Centro;Ciudad de México;México",815307785,318,3,75,24
 Adriana, Pérez,García,"Calle Juárez;12345;Cuauhtémoc;Centro;Ciudad de México;México",776495875,319,2,50,27
 Verónica, Ramos, Morales,"Calle Juárez;12345;Cuauhtémoc;Centro;Ciudad de México;México",830507100,320,3,75,19
Juan, Arias, Herrera,"Calle Juárez;12345;Cuauhtémoc;Centro;Ciudad de México;México",532375641,321,9,225,25
 Laura, Castro, Gómez,"Calle Juárez;12345;Cuauhtémoc;Centro;Ciudad de México;México",15553414,322,2,50,18
 Adriana, Ponce, Paredes,"Calle Juárez;12345;Cuauhtémoc;Centro;Ciudad de México;México",104302154,323,9,225,21
 Beatriz, Arias, Reyes,"Calle Juárez;12345;Cuauhtémoc;Centro;Ciudad de México;México",422914467,324,4,100,20
 Pedro, Soto, Castro,"Calle Juárez;12345;Cuauhtémoc;Centro;Ciudad de México;México",210953645,325,9,225,24
 Ricardo, Guzmán, Romero,"Calle Juárez;12345;Cuauhtémoc;Centro;Ciudad de México;México",194494699,326,8,200,20
 Ana, Valdez, Castro,"Calle Juárez;12345;Cuauhtémoc;Centro;Ciudad de México;México",722636255,327,9,225,24
 Diego, Morales, Cortés,"Calle Juárez;12345;Cuauhtémoc;Centro;Ciudad de México;México",340665644,328,4,100,21
 Elena, Romero, Rodríguez,"Calle Juárez;12345;Cuauhtémoc;Centro;Ciudad de México;México",690544307,329,6,150,21
 Natalia, Herrera, Franco,"Calle Juárez;12345;Cuauhtémoc;Centro;Ciudad de México;México",870252822,330,9,225,21
 Eduardo, Aguilar, Soto,"Calle Juárez;12345;Cuauhtémoc;Centro;Ciudad de México;México",913641499,331,3,75,25
 Verónica, Jiménez, Vega,"Calle Juárez;12345;Cuauhtémoc;Centro;Ciudad de México;México",162212898,332,4,100,26
Juan, Gallegos, Valdez,"Calle Juárez;12345;Cuauhtémoc;Centro;Ciudad de México;México",777456747,333,4,100,25
 Claudia, Chávez., Romero,"Calle Juárez;12345;Cuauhtémoc;Centro;Ciudad de México;México",519117888,334,7,175,19
 Andrés, Morales, Ponce,"Calle Juárez;12345;Cuauhtémoc;Centro;Ciudad de México;México",444566254,335,2,50,18
 Gonzalo, Herrera, López,"Calle Juárez;12345;Cuauhtémoc;Centro;Ciudad de México;México",879562305,336,3,75,19
 Julia, Ríos, Mendoza,"Calle Juárez;12345;Cuauhtémoc;Centro;Ciudad de México;México",587704990,337,8,200,25
 Ignacio, Núñez, Gallegos,"Calle Juárez;12345;Cuauhtémoc;Centro;Ciudad de México;México",521736273,338,10,250,27
 Camila, Mora, Hernández,"Calle Juárez;12345;Cuauhtémoc;Centro;Ciudad de México;México",832514808,339,8,200,20
 Manuel, Torres, Paredes,"Calle Juárez;12345;Cuauhtémoc;Centro;Ciudad de México;México",47131481,340,10,250,25
 Daniel, Martínez, Chávez.,"Calle Juárez;12345;Cuauhtémoc;Centro;Ciudad de México;México",849438926,341,4,100,21
 Ana, González, Franco,"Calle Juárez;12345;Cuauhtémoc;Centro;Ciudad de México;México",725275821,342,2,50,27
 Valentina, Castro, Franco,"Calle Juárez;12345;Cuauhtémoc;Centro;Ciudad de México;México",749794088,343,5,125,22
 Javier, Castro, Medina,"Calle Juárez;12345;Cuauhtémoc;Centro;Ciudad de México;México",84905767,344,6,150,26
 Emilio, Ramos, Molina,"Calle Juárez;12345;Cuauhtémoc;Centro;Ciudad de México;México",656034691,345,3,75,26
 Pedro, Rangel, Rangel,"Calle Juárez;12345;Cuauhtémoc;Centro;Ciudad de México;México",790322686,346,9,225,23
 Lucía, Flores, López,"Calle Juárez;12345;Cuauhtémoc;Centro;Ciudad de México;México",790160673,347,6,150,18
 Paola, Guzmán, Rangel,"Calle Juárez;12345;Cuauhtémoc;Centro;Ciudad de México;México",547378475,348,4,100,24
 Sofía, Chávez., Mendoza,"Calle Juárez;12345;Cuauhtémoc;Centro;Ciudad de México;México",896900737,349,7,175,18
 Paula, Molina, Rangel,"Calle Juárez;12345;Cuauhtémoc;Centro;Ciudad de México;México",380454626,350,3,75,19
 Ignacio,García, Núñez,"Calle Juárez;12345;Cuauhtémoc;Centro;Ciudad de México;México",559626117,351,5,125,21
 Emilio, Cortés, Figueroa,"Calle Juárez;12345;Cuauhtémoc;Centro;Ciudad de México;México",176678406,352,6,150,19
 Javier, Ríos, Mendoza,"Calle Juárez;12345;Cuauhtémoc;Centro;Ciudad de México;México",400486255,353,5,125,25
 Ramón, Hernández, Mora,"Calle Juárez;12345;Cuauhtémoc;Centro;Ciudad de México;México",699914536,354,4,100,23
 Mariana, Guerra, Zúñiga,"Calle Juárez;12345;Cuauhtémoc;Centro;Ciudad de México;México",714113480,355,6,150,24
 Carolina, Jiménez, Martínez,"Calle Juárez;12345;Cuauhtémoc;Centro;Ciudad de México;México",512914742,356,9,225,22
 Sergio, Rodríguez, Molina,"Calle Juárez;12345;Cuauhtémoc;Centro;Ciudad de México;México",831252605,357,3,75,22
 Diego, Figueroa, Soto,"Calle Juárez;12345;Cuauhtémoc;Centro;Ciudad de México;México",929321035,358,5,125,20
 Javier, Delgado, Torres,"Calle Juárez;12345;Cuauhtémoc;Centro;Ciudad de México;México",498254,359,7,175,20
 Diego, Sánchez, Torres,"Calle Juárez;12345;Cuauhtémoc;Centro;Ciudad de México;México",292361165,360,7,175,26
 Carolina, Figueroa, Soto,"Calle Juárez;12345;Cuauhtémoc;Centro;Ciudad de México;México",564214075,361,7,175,19
 Camila, Cortés, Ramos,"Calle Juárez;12345;Cuauhtémoc;Centro;Ciudad de México;México",509949868,362,5,125,22
 Gabriela, Zúñiga, Castro,"Calle Juárez;12345;Cuauhtémoc;Centro;Ciudad de México;México",899130097,363,5,125,19
 Antonio, Medina, Rangel,"Calle Juárez;12345;Cuauhtémoc;Centro;Ciudad de México;México",719742962,364,6,150,20
 Victoria, Ortiz, Rodríguez,"Calle Juárez;12345;Cuauhtémoc;Centro;Ciudad de México;México",43549810,365,6,150,26
 Andrea, Cortés, Figueroa,"Calle Juárez;12345;Cuauhtémoc;Centro;Ciudad de México;México",210967034,366,2,50,25
 Ignacio, Paredes, Mora,"Calle Juárez;12345;Cuauhtémoc;Centro;Ciudad de México;México",507744410,367,5,125,21
 Verónica, Herrera, Arias,"Calle Juárez;12345;Cuauhtémoc;Centro;Ciudad de México;México",664159468,368,4,100,22
 Marta, Cruz, Ríos,"Calle Juárez;12345;Cuauhtémoc;Centro;Ciudad de México;México",185403789,369,3,75,22
 Roberto, Cortés, Padilla,"Calle Juárez;12345;Cuauhtémoc;Centro;Ciudad de México;México",46550407,370,7,175,22
 Natalia, Rangel, López,"Calle Juárez;12345;Cuauhtémoc;Centro;Ciudad de México;México",349381605,371,9,225,21
 Paula, Valdez,García,"Calle Juárez;12345;Cuauhtémoc;Centro;Ciudad de México;México",62807980,372,8,200,21
 Carolina, Franco, Núñez,"Calle Juárez;12345;Cuauhtémoc;Centro;Ciudad de México;México",374420142,373,9,225,22
 Elena, Sánchez, Ríos,"Calle Juárez;12345;Cuauhtémoc;Centro;Ciudad de México;México",979776185,374,7,175,23
 Claudia, Ramos, Vega,"Calle Juárez;12345;Cuauhtémoc;Centro;Ciudad de México;México",174878800,375,10,250,18
 Mariana, Vega, Rangel,"Calle Juárez;12345;Cuauhtémoc;Centro;Ciudad de México;México",966596191,376,3,75,18
 Roberto, Flores, Mendoza,"Calle Juárez;12345;Cuauhtémoc;Centro;Ciudad de México;México",175762441,377,5,125,22
 Pedro, Rodríguez, Hernández,"Calle Juárez;12345;Cuauhtémoc;Centro;Ciudad de México;México",380156699,378,6,150,19
 Natalia, Padilla, González,"Calle Juárez;12345;Cuauhtémoc;Centro;Ciudad de México;México",699218569,379,8,200,20
 Sergio, Guzmán, Jiménez,"Calle Juárez;12345;Cuauhtémoc;Centro;Ciudad de México;México",897415097,380,7,175,19
 María, Padilla, Padilla,"Calle Juárez;12345;Cuauhtémoc;Centro;Ciudad de México;México",528448772,381,7,175,24
 Victoria, Soto, Silva,"Calle Juárez;12345;Cuauhtémoc;Centro;Ciudad de México;México",155301818,382,6,150,22
 Andrea, Hernández, Soto,"Calle Juárez;12345;Cuauhtémoc;Centro;Ciudad de México;México",406133503,383,8,200,23
Juan, Padilla, Flores,"Calle Juárez;12345;Cuauhtémoc;Centro;Ciudad de México;México",451047668,384,4,100,24
 Manuel, Hernández, Rangel,"Calle Juárez;12345;Cuauhtémoc;Centro;Ciudad de México;México",539430451,385,5,125,22
 Daniel, Espinoza, Gallegos,"Calle Juárez;12345;Cuauhtémoc;Centro;Ciudad de México;México",527186762,386,6,150,18
 José, Martínez, Guerra,"Calle Juárez;12345;Cuauhtémoc;Centro;Ciudad de México;México",221078255,387,7,175,23
 Manuel, Mendoza, Aguilar,"Calle Juárez;12345;Cuauhtémoc;Centro;Ciudad de México;México",797912875,388,5,125,24
 Gonzalo, Delgado, Molina,"Calle Juárez;12345;Cuauhtémoc;Centro;Ciudad de México;México",32811591,389,7,175,20
 Laura, Cruz, Ríos,"Calle Juárez;12345;Cuauhtémoc;Centro;Ciudad de México;México",814234024,390,9,225,19
 Beatriz, Gómez, Jiménez,"Calle Juárez;12345;Cuauhtémoc;Centro;Ciudad de México;México",222404650,391,8,200,23
 Valentina, Romero, Ponce,"Calle Juárez;12345;Cuauhtémoc;Centro;Ciudad de México;México",123395794,392,3,75,19
 Emilio, Paredes, Zúñiga,"Calle Juárez;12345;Cuauhtémoc;Centro;Ciudad de México;México",448177010,393,9,225,22
 Paola, Vega, Martínez,"Calle Juárez;12345;Cuauhtémoc;Centro;Ciudad de México;México",767604802,394,8,200,25
 Victoria, Vega, Flores,"Calle Juárez;12345;Cuauhtémoc;Centro;Ciudad de México;México",546101502,395,5,125,20
 Laura, López, Arias,"Calle Juárez;12345;Cuauhtémoc;Centro;Ciudad de México;México",469150652,396,7,175,25
 Susana, Mora, López,"Calle Juárez;12345;Cuauhtémoc;Centro;Ciudad de México;México",765074389,397,5,125,26
 Gonzalo, López, Martínez,"Calle Juárez;12345;Cuauhtémoc;Centro;Ciudad de México;México",22610998,398,9,225,24
 Emilio, Silva, González,"Calle Juárez;12345;Cuauhtémoc;Centro;Ciudad de México;México",300046470,399,7,175,19
 Javier, Franco, Hernández,"Calle Juárez;12345;Cuauhtémoc;Centro;Ciudad de México;México",297606312,400,9,225,19
 Rafael, Figueroa, Zúñiga,"Calle Juárez;12345;Cuauhtémoc;Centro;Ciudad de México;México",262256735,401,7,175,25
 José, Núñez, Rodríguez,"Calle Juárez;12345;Cuauhtémoc;Centro;Ciudad de México;México",638490303,402,4,100,20
 Francisco, Chávez., Romero,"Calle Juárez;12345;Cuauhtémoc;Centro;Ciudad de México;México",203226669,403,8,200,18
 Eduardo, Hernández, Gómez,"Calle Juárez;12345;Cuauhtémoc;Centro;Ciudad de México;México",784061988,404,7,175,24
 Mariana, Franco, Ramírez,"Calle Juárez;12345;Cuauhtémoc;Centro;Ciudad de México;México",108602221,405,10,250,25
 Marta, Figueroa, Reyes,"Calle Juárez;12345;Cuauhtémoc;Centro;Ciudad de México;México",888869993,406,6,150,23
 Diego, Molina, Ríos,"Calle Juárez;12345;Cuauhtémoc;Centro;Ciudad de México;México",130239384,407,5,125,20
 Ignacio, Mendoza, Delgado,"Calle Juárez;12345;Cuauhtémoc;Centro;Ciudad de México;México",696027377,408,10,250,20
 José, Castro, Gómez,"Calle Juárez;12345;Cuauhtémoc;Centro;Ciudad de México;México",376625952,409,5,125,26
 María, Franco, Núñez,"Calle Juárez;12345;Cuauhtémoc;Centro;Ciudad de México;México",307723401,410,5,125,24
 Mariana, Núñez, Romero,"Calle Juárez;12345;Cuauhtémoc;Centro;Ciudad de México;México",175706017,411,3,75,19
 Daniel, Aguilar, Martínez,"Calle Juárez;12345;Cuauhtémoc;Centro;Ciudad de México;México",562508640,412,4,100,22
 Diego, Guzmán, Vega,"Calle Juárez;12345;Cuauhtémoc;Centro;Ciudad de México;México",245243528,413,4,100,22
 Andrés, Martínez, Arias,"Calle Juárez;12345;Cuauhtémoc;Centro;Ciudad de México;México",701693822,414,5,125,20
 Natalia, Hernández, Jiménez,"Calle Juárez;12345;Cuauhtémoc;Centro;Ciudad de México;México",214314200,415,7,175,21
 Carolina, Ortiz, Guzmán,"Calle Juárez;12345;Cuauhtémoc;Centro;Ciudad de México;México",897720332,416,5,125,20
 Lucía, Medina, Aguilar,"Calle Juárez;12345;Cuauhtémoc;Centro;Ciudad de México;México",924361424,417,9,225,19
 Ignacio, Mora, Castro,"Calle Juárez;12345;Cuauhtémoc;Centro;Ciudad de México;México",656180726,418,9,225,20
 Luis, Ramos, Herrera,"Calle Juárez;12345;Cuauhtémoc;Centro;Ciudad de México;México",100697604,419,10,250,25
 Paula,García, Paredes,"Calle Juárez;12345;Cuauhtémoc;Centro;Ciudad de México;México",782241115,420,9,225,21
 Paula, Chávez., Cruz,"Calle Juárez;12345;Cuauhtémoc;Centro;Ciudad de México;México",838585912,421,4,100,24
 Carolina, Núñez, Torres,"Calle Juárez;12345;Cuauhtémoc;Centro;Ciudad de México;México",701227693,422,9,225,18
 Ricardo, Mora, Chávez.,"Calle Juárez;12345;Cuauhtémoc;Centro;Ciudad de México;México",31486939,423,8,200,24
 Gonzalo, Padilla, Vega,"Calle Juárez;12345;Cuauhtémoc;Centro;Ciudad de México;México",364451490,424,9,225,25
 Andrea, Ramos,García,"Calle Juárez;12345;Cuauhtémoc;Centro;Ciudad de México;México",405635455,425,3,75,27
 Emilio, Ramos,García,"Calle Juárez;12345;Cuauhtémoc;Centro;Ciudad de México;México",992712950,426,10,250,18
 Camila, Morales, Castro,"Calle Juárez;12345;Cuauhtémoc;Centro;Ciudad de México;México",259383460,427,3,75,24
 Marcelo, Pérez, Torres,"Calle Juárez;12345;Cuauhtémoc;Centro;Ciudad de México;México",696340858,428,5,125,26
 Paula, Jiménez, Flores,"Calle Juárez;12345;Cuauhtémoc;Centro;Ciudad de México;México",590422202,429,5,125,23
 Andrés, Hernández, Hernández,"Calle Juárez;12345;Cuauhtémoc;Centro;Ciudad de México;México",716256557,430,9,225,19
 Verónica, Figueroa, Aguilar,"Calle Juárez;12345;Cuauhtémoc;Centro;Ciudad de México;México",13973098,431,9,225,20
 José, Guerra, Núñez,"Calle Juárez;12345;Cuauhtémoc;Centro;Ciudad de México;México",655149141,432,10,250,27
 Ricardo, Valdez, Pérez,"Calle Juárez;12345;Cuauhtémoc;Centro;Ciudad de México;México",715097576,433,7,175,22
 Ricardo, Valdez, López,"Calle Juárez;12345;Cuauhtémoc;Centro;Ciudad de México;México",61595995,434,4,100,22
 Marta, Molina, Herrera,"Calle Juárez;12345;Cuauhtémoc;Centro;Ciudad de México;México",730734974,435,7,175,20
 Javier, López, Paredes,"Calle Juárez;12345;Cuauhtémoc;Centro;Ciudad de México;México",215154547,436,3,75,20
 Sofía, Molina, Valdez,"Calle Juárez;12345;Cuauhtémoc;Centro;Ciudad de México;México",215086454,437,8,200,24
 María, Rodríguez, Franco,"Calle Juárez;12345;Cuauhtémoc;Centro;Ciudad de México;México",173013844,438,5,125,24
 Diego, Valdez, Vega,"Calle Juárez;12345;Cuauhtémoc;Centro;Ciudad de México;México",212449100,439,6,150,27
 Roberto, Reyes, Ramos,"Calle Juárez;12345;Cuauhtémoc;Centro;Ciudad de México;México",441010958,440,9,225,25
 Roberto, Herrera, Ramos,"Calle Juárez;12345;Cuauhtémoc;Centro;Ciudad de México;México",533556990,441,8,200,25
 Julia, Franco, Vega,"Calle Juárez;12345;Cuauhtémoc;Centro;Ciudad de México;México",334466288,442,7,175,24
 Diego, Mendoza, Gallegos,"Calle Juárez;12345;Cuauhtémoc;Centro;Ciudad de México;México",522096108,443,5,125,23
 Diego, Guzmán, Delgado,"Calle Juárez;12345;Cuauhtémoc;Centro;Ciudad de México;México",183041459,444,5,125,26
 Laura, Hernández, Figueroa,"Calle Juárez;12345;Cuauhtémoc;Centro;Ciudad de México;México",161650332,445,5,125,24
 Antonio, Vargas, Reyes,"Calle Juárez;12345;Cuauhtémoc;Centro;Ciudad de México;México",258602156,446,8,200,26
 Natalia, Ríos, Molina,"Calle Juárez;12345;Cuauhtémoc;Centro;Ciudad de México;México",948987364,447,8,200,21
 Marta, Aguilar, Silva,"Calle Juárez;12345;Cuauhtémoc;Centro;Ciudad de México;México",175322552,448,6,150,23
 Andrés, Franco, Valdez,"Calle Juárez;12345;Cuauhtémoc;Centro;Ciudad de México;México",80759131,449,5,125,21
 Sofía, González, Figueroa,"Calle Juárez;12345;Cuauhtémoc;Centro;Ciudad de México;México",378565640,450,4,100,22
 Verónica, Rangel, Gallegos,"Calle Juárez;12345;Cuauhtémoc;Centro;Ciudad de México;México",697962365,451,7,175,22
 Paula, Reyes, Herrera,"Calle Juárez;12345;Cuauhtémoc;Centro;Ciudad de México;México",194190262,452,6,150,20
 Paula, Rodríguez, Romero,"Calle Juárez;12345;Cuauhtémoc;Centro;Ciudad de México;México",134675147,453,7,175,18
 Ignacio, Delgado, Molina,"Calle Juárez;12345;Cuauhtémoc;Centro;Ciudad de México;México",33165028,454,6,150,27
 Marcelo, Ríos, Mora,"Calle Juárez;12345;Cuauhtémoc;Centro;Ciudad de México;México",683735422,455,6,150,27
 Marta, Arias, López,"Calle Juárez;12345;Cuauhtémoc;Centro;Ciudad de México;México",649768785,456,9,225,27
 Victoria, Zúñiga, Figueroa,"Calle Juárez;12345;Cuauhtémoc;Centro;Ciudad de México;México",21704190,457,8,200,25
 Camila, Medina, Cruz,"Calle Juárez;12345;Cuauhtémoc;Centro;Ciudad de México;México",715504297,458,9,225,27
 Beatriz, Molina, Reyes,"Calle Juárez;12345;Cuauhtémoc;Centro;Ciudad de México;México",618677195,459,9,225,22
 Mariana, Mora, Reyes,"Calle Juárez;12345;Cuauhtémoc;Centro;Ciudad de México;México",384873048,460,9,225,26
 Claudia, González, Pérez,"Calle Juárez;12345;Cuauhtémoc;Centro;Ciudad de México;México",94732800,461,9,225,19
 Victoria, Gallegos, Rodríguez,"Calle Juárez;12345;Cuauhtémoc;Centro;Ciudad de México;México",683134233,462,4,100,27
 Antonio, Zúñiga, Aguilar,"Calle Juárez;12345;Cuauhtémoc;Centro;Ciudad de México;México",46500457,463,9,225,20
 Beatriz, Ramos, Torres,"Calle Juárez;12345;Cuauhtémoc;Centro;Ciudad de México;México",586061054,464,6,150,18
 Lucía, Vega, Castro,"Calle Juárez;12345;Cuauhtémoc;Centro;Ciudad de México;México",896092891,465,7,175,23
 Sergio, Núñez, Rodríguez,"Calle Juárez;12345;Cuauhtémoc;Centro;Ciudad de México;México",764844231,466,7,175,22
 Lorena., Castro, Medina,"Calle Juárez;12345;Cuauhtémoc;Centro;Ciudad de México;México",630064415,467,7,175,24
 Alejandro, Jiménez, Vargas,"Calle Juárez;12345;Cuauhtémoc;Centro;Ciudad de México;México",947095196,468,10,250,20
Juan, Hernández, Molina,"Calle Juárez;12345;Cuauhtémoc;Centro;Ciudad de México;México",864918822,469,9,225,26
 Sofía, López, Mendoza,"Calle Juárez;12345;Cuauhtémoc;Centro;Ciudad de México;México",942605684,470,5,125,23
 Adriana, Castro, Ponce,"Calle Juárez;12345;Cuauhtémoc;Centro;Ciudad de México;México",637541768,471,8,200,19
 Ramón, González, Franco,"Calle Juárez;12345;Cuauhtémoc;Centro;Ciudad de México;México",9609087,472,9,225,24
 Laura, Valdez,García,"Calle Juárez;12345;Cuauhtémoc;Centro;Ciudad de México;México",842964319,473,10,250,23
 Daniel, Romero, Gallegos,"Calle Juárez;12345;Cuauhtémoc;Centro;Ciudad de México;México",396406268,474,7,175,25
 Andrés, Guerra, Hernández,"Calle Juárez;12345;Cuauhtémoc;Centro;Ciudad de México;México",125735198,475,10,250,23
 José, Espinoza, Rodríguez,"Calle Juárez;12345;Cuauhtémoc;Centro;Ciudad de México;México",189400832,476,10,250,25
 Natalia, Aguilar, Figueroa,"Calle Juárez;12345;Cuauhtémoc;Centro;Ciudad de México;México",23698323,477,6,150,21
 Alejandro, Delgado, Rodríguez,"Calle Juárez;12345;Cuauhtémoc;Centro;Ciudad de México;México",528799955,478,9,225,27
 Victoria, Mora, Rangel,"Calle Juárez;12345;Cuauhtémoc;Centro;Ciudad de México;México",139564973,479,8,200,22
 Camila, Valdez, Ortiz,"Calle Juárez;12345;Cuauhtémoc;Centro;Ciudad de México;México",671772030,480,9,225,20
 Camila, Vargas, Flores,"Calle Juárez;12345;Cuauhtémoc;Centro;Ciudad de México;México",899525459,481,10,250,27
 Daniel, Valdez, Espinoza,"Calle Juárez;12345;Cuauhtémoc;Centro;Ciudad de México;México",746237156,482,8,200,18
 Roberto, Romero, Herrera,"Calle Juárez;12345;Cuauhtémoc;Centro;Ciudad de México;México",744220567,483,10,250,22
 Ana, Padilla, González,"Calle Juárez;12345;Cuauhtémoc;Centro;Ciudad de México;México",827433931,484,9,225,22
 Diego, Castro, Franco,"Calle Juárez;12345;Cuauhtémoc;Centro;Ciudad de México;México",705050281,485,10,250,25
 Javier, Núñez, Gallegos,"Calle Juárez;12345;Cuauhtémoc;Centro;Ciudad de México;México",614895891,486,9,225,23
 Sofía, Silva, Vargas,"Calle Juárez;12345;Cuauhtémoc;Centro;Ciudad de México;México",694827736,487,7,175,27
 Verónica, Guerra, Torres,"Calle Juárez;12345;Cuauhtémoc;Centro;Ciudad de México;México",496599106,488,9,225,22
 Alejandro, Molina, Gallegos,"Calle Juárez;12345;Cuauhtémoc;Centro;Ciudad de México;México",879573644,489,9,225,22
 María, Guzmán, Cortés,"Calle Juárez;12345;Cuauhtémoc;Centro;Ciudad de México;México",636178922,490,10,250,26
 Gabriel, Hernández, Franco,"Calle Juárez;12345;Cuauhtémoc;Centro;Ciudad de México;México",545813190,491,6,150,23
 Rafael, Chávez., Castro,"Calle Juárez;12345;Cuauhtémoc;Centro;Ciudad de México;México",771163130,492,6,150,25
 Lucía, Romero, Franco,"Calle Juárez;12345;Cuauhtémoc;Centro;Ciudad de México;México",437487303,493,7,175,20
 Gabriel, Franco, Ramos,"Calle Juárez;12345;Cuauhtémoc;Centro;Ciudad de México;México",639147763,494,10,250,27
 María, Ramos, Torres,"Calle Juárez;12345;Cuauhtémoc;Centro;Ciudad de México;México",399409196,495,9,225,20
 Claudia, Castro, Cortés,"Calle Juárez;12345;Cuauhtémoc;Centro;Ciudad de México;México",604459722,496,9,225,23
 Laura, Hernández, Delgado,"Calle Juárez;12345;Cuauhtémoc;Centro;Ciudad de México;México",857415031,497,9,225,18
 Carolina, Espinoza, Castro,"Calle Juárez;12345;Cuauhtémoc;Centro;Ciudad de México;México",390186993,498,10,250,19
 Laura, Ríos, Ponce,"Calle Juárez;12345;Cuauhtémoc;Centro;Ciudad de México;México",450523570,499,9,225,22
 Beatriz, Mora, Delgado,"Calle Juárez;12345;Cuauhtémoc;Centro;Ciudad de México;México",998174339,500,9,225,26
